avatar,nickname
29a65a936ebc403d85babc3c86e999c9!400x400.jpeg,苏挽柠
3b2940cff3f44050b4cdff2e09fdb194!400x400.jpeg,月光
dc683bad09205581!400x400_big.jpg,我的青春是
156e807c83044fb6869535c377168482!400x400.jpeg,"　　　　？  "
b5abeaee3097c721!400x400_big.jpg,Taurus^挽
24ada0c74a95e147!400x400_big.jpg,我的青春是
68dc711313514f7c8a0c146c789bccc6!400x400.jpeg,苏挽柠
828c892076599120!480x480.jpg,Taurus^挽
2d55cfabd2004a13835378bab848252f!400x400.jpeg,苏挽柠
b7c16401085cb6c7!400x400_big.jpg,Taurus^挽
e6ca64f12ea04e2a9ba2192895d6c70d!400x400.jpeg,可爱颜吖
f5cde81b51434035be0211db04a8f571!400x400.jpeg,丶唇边の一
ff8f298643fc46ccb14b3604c0f36e94!400x400.jpeg,余生缺一个
e774a785a1b645279b3723dcf791d1f4!400x400.jpeg,天生冷酷
a518c2116d234855a6949824d3daa9ac!400x400.jpeg,Avarice
5976b3c62caf47ebaf843e58d5a7d996!400x400.jpeg,♡–酥沫
dda10e6e04e84fe7b702756644e1c4b1!400x400.jpeg,稚酒
3a8bfe727bcb4c1da6200b8b2d2c7a1c!400x400.jpeg,稚酒
ffdd8b7e236846a0b632497b2ef21461!400x400.jpeg,苏挽柠
dfba7ce7158c442c8f28754f409aa8d4!400x400.jpeg,月光
202a27f1df2eab9c!400x400_big.jpg,不二的青春
11181ed36e73ff69!400x400_big.jpg,不二的青春
abb42d543ade094177ac142c9efde639.jpg,苏洂
43e578551c55ee24473aca3a50b9a4e8.jpg,蜡笔说他爱
61c5fc46db4d422f89b932ce09318021!400x400.jpeg,༺ൢ髒心髒
d3991a8750714f7caa3bf8243ca7e053!400x400.jpeg,瑜阳
5336c317bcd84bf8afd894e9916c4009!400x400.jpeg,妍寻欢
713659d70e274e4f940cda3accc4f111!400x400.jpeg,妍寻欢
bd88cd4f5940464798c59ed720b9b7f6!400x400.jpeg,妍寻欢
8fa8489c16d44afaa1bbbbee6ef4933d!400x400.jpeg,六纪年
0ec6f8a46807420e985280cbfced803f!400x400.jpeg,六纪年
73919cf5f7814b919ffd55322e8087cf!400x400.jpeg,软软♡
fca1d9fcbf6c442f80f81e4192e8905d!400x400.jpeg,℡<➊唯有
061076d292fb4a1188a82f74efae751a!400x400.jpeg,六纪年
23bd32a24ebc440da84f06e2a3d727ec!400x400.jpeg,沫兮头像库
0b372057576b4a68b293ce3e1db4027f!400x400.jpeg,沫兮头像库
fe79839c2dec47ed8ee6899e154f33a9!400x400.jpeg,渣狗
3cbffc09a5cf494c832c59dba3b49987!400x400.jpeg,四字绯闻女
f075f068411e46ff94948ecd496572ec!400x400.jpeg,肆欲.
4ce7db92699a4a26b4d7cdf0b94a69d7!400x400.jpeg,林一沐
5c38621aaac04b738a7bba3225ed4c13!400x400.jpeg,℡Lipuar.
2d6c72152277426c968aa7bac61565db!400x400.jpg,劝你别善良
a8b2dea45ac992f27c2499c9dbc604a2.jpg,℡<➊宝贝
eec6e5e9d9f645a5873f1f41ff2c5c8b!400x400.jpeg,凉.汐
59bd9b4e330a731e!400x400_big.jpg,淡淡笑。
59ca49b2141f40179d00328bcc9b0513!400x400.jpeg,.允言skr
dff793620c0e455badbd96260ca0ef4a!400x400.jpeg,四字绯闻女
bf54599830944ea398be67a01c7949f5!400x400.jpeg,稚初♡h5H
9a19863af99b47b3b1bd15412755928d!400x400.jpeg,.允言skr
410cd86162384f3fb27b75233ce66be9!400x400.jpeg,英雄太迷人
d0a51ddbd2384a4aa84b98ae3893b3e6!400x400.jpeg,软软♡
96d1adb304c1452ea4e1ee2854c33d61!400x400.jpeg,妍寻欢
565cd29448d8443484393d860723b9af!400x400.jpeg,花小蛮?
bb25746ed3244ebe8663572b0c1fa712!400x400.jpeg,白姬染
dd3108ad0a7e4e973455b04ccda8a677.jpg,余生缺一个
161bec4456d928df!480x480.jpg,不二的青春
2df44bb334ba6cc2bef62f7115e5c8b8.jpg,妍寻欢
4d5d6f6df9207f47!480x480.jpg,不二的青春
140f27feacceee2a!400x400_big.jpg,Taurus^挽
dc246688f5078bde!480x480.jpg,不二的青春
13ff6071a10f497d!400x400_big.jpg,Taurus^挽
3ae0c1c7c71402eb!400x400_big.jpg,Taurus^挽
3082a83a00e11811!400x400_big.jpg,不才.
b9ba298770f34b738b48a96b119ee2ad!400x400.jpeg,妍寻欢
e9d6cf3d5514435e80a18c2487a2bfb3!400x400.jpeg,妍寻欢
15922afceb5d446b987c18098555b6ce!400x400.jpeg,桉.
ab2679f0e8ef46feb3df9ba22494993a!400x400.jpeg,<陈昕>网红
7f8d8383468447f296f1c571a321f31d!400x400.jpeg,TA的眼睛会
1c5c1a99bd8a448c998208f3458b7467!400x400.jpeg,余生你好在
24cf5f87746c42e794455ecf4f56fb9a!400x400.jpeg,余生你好在
9b754d20ce8f49a4827edc0012605f6b!400x400.jpeg,渡沧生
1cb9de0697514e54baddc4743b43b68d!400x400.jpeg,渡沧生
18d7bef903854d6e834bc3f7540b3e0e!400x400.jpeg,苏挽柠
57db21db2b40477ba6d956b1a4229041!400x400.jpeg,余生你好在
5ffba49960759fe6!400x400_big.jpg,不二的青春
7a28eb5eef1b4277939da764ff3c9595!400x400.jpeg,初遇木兮
bcba17ab153c5c36041f971e4d306c55.jpg,妍寻欢
19676604ecf4a00e!400x400_big.jpg,不二的青春
dff8259a6d5d40728ae907d18d68e7d3!400x400.jpeg,俗 人
ed5ae1432b470aee!400x400_big.jpg,Taurus^挽
830a1596c25b83fd!400x400_big.jpg,不二的青春
530da6e69ed279f3!400x400_big.jpg,Taurus^挽
0cdfadd010cf3fa2!400x400_big.jpg,Taurus^挽
deaeba4c01dd4feba0a1ecf453bfaf1c!400x400.jpeg,月光
ddabb6cf7d9540c69af78cac368aee55!400x400.jpeg,拒绝喜欢
a1a972daff6c47fca1c5624a56513b0e!400x400.jpeg,孟婆╯来碗
3084f6233c8141fbbc91ce98e32df265!400x400.jpeg,晶萌~
4b3b9aab29bb4c5d895be27557b86d38!400x400.jpeg,陌笙..
873eaabe59aa12b8!400x400_big.jpg,不二的青春
2435de9680c04042a4e5f14f25449553!400x400.jpeg,月光
d2169a9c9d0645bf82949df062fc9eb2!400x400.jpeg,媄七i
68df30ab47994b84b46d1d437db9e483!400x400.jpeg,猫味仙女咩
3b59d71d9348496494d2f1f95b558df4!400x400.jpeg,妍寻欢
0a8d11e7f95e6783!400x400_big.jpg,不二的青春
0ff47494c6d566c5!480x480.jpg,不二的青春
6fdbcd4c5dd39b6b!400x400_big.jpg,Taurus^挽
cf15831ed2b86f33!400x400_big.jpg,Taurus^挽
815eb569d87c5aad!400x400_big.jpg,Taurus^挽
fa99f612eee248efbad6730f9fbb83e5!400x400.jpeg,柠檬味蜜桃
03ee8eeeb9ee4edea061c018d6ecd577!400x400.jpeg,苏洂
266e41de377d48ed81edfba5a6f659f8!400x400.jpeg,陌笙..
b8ae3b30428a4147807060b29383b972!400x400.jpeg,青.❤
c540609ba9fa4a26b8fbd8299b4d5924!400x400.jpeg,QNI
a70b39876b0249ef8bb08f9e8c33930b!400x400.jpeg,QNI
46f6594954484f55a2b4a05df349854d!400x400.jpeg,いちご
15f434670e0046d685f22c49b23d7572!400x400.jpeg,̫᷄᷅˵)
c2a7d5c836944a8f850fab11946459d2!400x400.jpeg,小鲁班
4b01569c80b046d0bd44c028422fcf87!400x400.jpeg,是敗类?
c591c60f65d0b0ff!400x400_big.jpg,我的青春是
5bf8c76d57e24b3c!400x400_big.jpg,我的青春是
f4c9decfecb3453799954bdac201c809!400x400.jpeg,月光
015bf8de42b74ad6895c5c80ff4cb6d5!400x400.jpeg,が骚年い此
44df0de654394089a5d1f1e7b37e6116!400x400.jpeg,枭爷XhC
5ba61ae39892cbfe!400x400_big.jpg,我的青春是
56f49b75980588d1!480x480.jpg,Taurus^挽
801d62eed6ca0e75!480x480.jpg,Taurus^挽
cdcfb79697a342cf8a59c5d9b9772d35!400x400.jpeg,花街酒痞
ee6481a083bf0702!400x400_big.jpg,Taurus^挽
f17b100ff0cc49048ba4a7288d79fcfb!400x400.jpeg,柠檬味蜜桃
2595a9807b6b4e7882b1fd1483d2b3e0!400x400.jpeg,柠檬味蜜桃
8f8615dd09d245d7adecf78859435273!400x400.jpeg,颜灵
1213174d210846508e1c3ce15f78d136!400x400.jpeg,柠檬味蜜桃
a15e86db01af479bbee16cffecb9ac4a!400x400.jpeg,柠檬味蜜桃
a0e5aab0b4184b598406d91dc5a75564!400x400.jpeg,柠檬味蜜桃
5c115f3069614c6a9057d5a68d743a93!400x400.jpeg,林一沐
0fd475d470114cba959f7543da7c32e9!400x400.jpeg,栀璃
c0f6aed010e247858e0929d0ded21de7!400x400.jpeg,/cy阿狸-童
d4350ec907184a6e877ea7914358bba0!400x400.jpeg,☞思慕☜
bdd6fc089707445e8faa4fc693056443!400x400.jpeg,柠檬味蜜桃
9f29971e0ffc43208eee9d31d10a3f32!400x400.jpeg,是敗类?
afd6d699bab56ee8!400x400_big.jpg,不二的青春
c2aa377d8b2c030c!480x480.jpg,不二的青春
9b2ec137509540d185b705c85c55d880!400x400.jpeg,月光
cf5c429423174506a70a16b0ed3dcad4!400x400.jpeg,花街酒痞
5cc6384097c54223b5aef1e214d819ef!400x400.jpeg,花街酒痞
379fc83f5460f0ec!400x400_big.jpg,Taurus^挽
7b2a96bba64fb861!480x480.jpg,Taurus^挽
8badf53f31384f358dc597d8c0b262f2!400x400.jpeg,花街酒痞
4ea73d0a4ae74d719afbb3f19546ebf1!400x400.jpeg,柠檬味蜜桃
a7191716289a4e77ba6986cd8edcec1e!400x400.jpeg,回归
ba9bc36031a743238009a6c08c9220a7!400x400.jpeg,ぁ小仙女ゅ
06288ad306eb4e7f8219f5ba2585eef2!400x400.jpeg,柠檬味蜜桃
e1785f827074433ca5cf0aa43bc82ae2!400x400.jpeg,逍云记一店
772d2d7b801b4531885d37b845557167!400x400.jpeg,×全員惡人
36dc2bd3d0b74aadb72ee0b9034eb2ec!400x400.jpeg,<陈昕>网红
0c95ca8c52da4d658333f486d19dc06f!400x400.jpeg,熙304398
fe5a37da560e4bcda509628bbeac796c!400x400.jpeg,̫᷄᷅˵)
95bbd7e6188e4fc49bd7e5783c4f6bca!400x400.jpeg,柠檬味蜜桃
3b2e498ecd67c928!400x400_big.jpg,zs.顾琦
7fd1bd7167f24238a700b95320fe69c8!400x400.jpeg,毒千酒
786319b5dc1844e1960b6ce393d657dc!400x400.jpeg,A-辰爷不碰
e42b4fc63cb54928be2dbe156b115b93!400x400.jpeg,若相惜、必
88c5359f77d8452383029fe44fb57bdc!400x400.jpeg,阿~是奶味
3de3b451b6d74a5e852b4306ed974e5c!400x400.jpeg,顾北一
f79dcef759594f11a9578f31ae3d3943!400x400.jpeg,AA扶摇直
18c065ab0a44d134!400x400_big.jpg,苏辞萱.
dd7b848c9e294c198d32ff635fa6947e!400x400.jpeg,柠檬味蜜桃
019ccf226181481e80aceb54d7803dbe!400x400.jpeg,柠檬味蜜桃
821e1c0d35274ce0866d5a229a3074d6!400x400.jpeg,柠檬味蜜桃
c40487fe3493443385d5914867edc636!400x400.jpeg,柠檬味蜜桃
8d33c1d84a2443338483e9acc3cbe065!400x400.jpeg,樊波?
ec20adb45bca448a9df704b0ceebd419!400x400.jpeg,卿珂
175b92ddbc484c788f9a9501c30b81be!400x400.jpeg,✎ℳ๓₯°
8840f09b39a045cdbdbb46698c4d2a8a!400x400.jpeg,柠檬味蜜桃
569609c527ac4bed9f0a97eac162be23!400x400.jpeg,酒小姐
96acfdf12be949a9bd8b7e4a5b7e3840!400x400.jpeg,溺毙
c723623fb9d741f4aff80a6b441cc211!400x400.jpeg,苏洂
f1c406f5326b4ada9d003a9efe00f90e!400x400.jpeg,英雄太迷人
324c22174cc0433d89354c0cff5450c9!400x400.jpeg,盛装出席i
b33c830b844344a194988982216f5be8!400x400.jpeg,可爱颜吖
81b235b1695f4460b490c9a8cbf9f532!400x400.jpeg,Ri¢hgun
71dbda22c8874a75b62f65e88fd8d27c!400x400.jpeg,Ri¢hgun
befd99ea07d84c90aca525306161950b!400x400.jpeg,苏妊经常玩
2ad0bffbb2944cf1a4d21f27d59ea004!400x400.jpeg,༺ൢ髒心髒
f24b14e2e63e4afdb2ee8708a03a1431!400x400.jpeg,爱笑的小可
c92659feec1d49adb3ec0362bb5dfa9e!400x400.jpeg,唯一挚爱
f9585cbc4790478984f2be57802f3f80!400x400.jpeg,余生你好在
ebb79994368f4700b57d11e981c0d0c2!400x400.jpeg,顾北一
cf44d22b9ea243758d733494fdbcc9ab!400x400.jpeg,任性的胡萝
e84e6477578048e1a07dc0e1a6606906!400x400.jpeg,甜光~错影
9277aec9ca8c44b9a302a53a82253551!400x400.jpeg,初遇木兮
6eb397d1042e4aa0b7b50386d4cf432c!400x400.jpeg,初遇木兮
8bf1fe54393247ec945bd9ad106cc2e0!400x400.jpeg,-y
fa1ed7f2a81e4c3e8dede3f61fef55e7!400x400.jpeg,柠檬味蜜桃
b6631461757947c5a144dd184e642f82!400x400.jpeg,妍寻欢
1934e8ca457f4b93b62e2f29c0c52885!400x400.jpeg,小女巫?
b11ce65c60daab87!400x400_big.jpg,奈儿、
c2d5780f7f50e5b5!400x400_big.jpg,奈儿、
1efbbef3c01646659169626b091911a0!400x400.jpeg,不说不做.
5cee6c8e8ab24c3d87b05b837e294193!400x400.jpeg,英雄太迷人
0e9b1445bb53427595027c87cd36d7cb!400x400.jpeg,ᶠᶸᶜᵏᵧ
facaefc990914f77b5f406530707f2d9!400x400.jpeg,唯一挚爱
de7d0fe6edff40d38b3ab0d5f197581a!400x400.jpeg,.前女友
a353201b40d843d6ae525c87e69430d1!400x400.jpeg,唯一挚爱
790bf61372ec4bffb7da3e9e0ca15947!400x400.jpeg,-筱枍-
a18dd9968f084cc3a15174decee8b35c!400x400.jpeg,你在心上枕
d08f803d900c477ba165a730db7fa892!400x400.jpeg,许城
f079741fca484f2b8ea19592ee67aaaf!400x400.jpeg,＆amp;amp; 
36a0f921fe7b4c7fb5e543cb577d319d!400x400.jpeg,意中人-言
cf6eeaf7a09a457d88d0bb40255c41c2!400x400.jpeg,兮℡颜
bcae2a3e51054ebbbebe40a5abe6bca8!400x400.jpeg,樱奈～
3d4b84edb19d4402b83d83e5179c42b7!400x400.jpeg,樱奈～
2d7c4555e11541c3a1136f2150c3af37!400x400.jpeg,小仙男
29237112edad4c819105a3bfb86a7258!400x400.jpeg,余生你好在
44dc1e44037c48ba8ecd909662434979!400x400.jpeg,你啊_
4484f812be174d8fa3c4be8274471cc7!400x400.jpeg,嘤萝
b6eef2542d5f4f02896a0103f8c9dfca!400x400.jpg,-y
bf0dc12cd57542229200bfccc38e6505!400x400.jpeg,MonkeytH1
da19fde9da9d408a896b62859d55b148!400x400.jpeg,拒绝喜欢
6f472fb82c064631a67245c945c0d29f!400x400.jpeg,白熙↖
fc12f5ae07c24991bfeadc24a51bae49!400x400.jpeg,初遇木兮
97dbc9fe1cdc44348c02b8820c75bf1d!400x400.jpeg,柠檬味蜜桃
c7c093a638ec49e790618be9677604b6!400x400.jpeg,柠檬味蜜桃
cbcfa9eb4bff4698988fe42e87249d2b!400x400.jpeg,你在心上枕
c1ae7b64d9dbfd607aae11984be54db8.jpg,该用户已上
35403888b32447658d2cd14ea6329e32!400x400.jpeg,仟悦.
4fc1722dc5393dee!480x480.jpg,不二的青春
33dc9f8f99aa46e1808e819f83873931!400x400.jpeg,月光
1473a7b1cba3ffef!400x400_big.jpg,不二的青春
77dd008a1236d455!400x400_big.jpg,Taurus^挽
6a9e6225ac54cc25!400x400_big.jpg,不二的青春
e70632435f2e7246!480x480.jpg,Taurus^挽
7c055f27f07541ed90c9451c54287689!400x400.jpeg,迟迟。
232ff6838c0f4402!400x400_big.jpg,Taurus^挽
22d77bfdcb3d4511bd932d616d0535b4!400x400.jpeg,曦娜
22918f707bd648e088fdba4d0d6225f6!400x400.jpeg,渣狗
cb674fa541194c5c89ed2daa8b30ccc4!400x400.jpeg,妍寻欢
43f1877ba8bf4373bb8feb31d407c02d!400x400.jpeg,嘤萝
cd2da4f3d02d4f51a3df6ffa2165308c!400x400.jpeg,凉笙℡
7ec12a330bad4b2d9133aa61c7bfd28c!400x400.jpeg,いちご
a2f0475e3c920603!400x400_big.jpg,不二的青春
fe558c5a1a7c6df87ee047120e538442.jpg,余生你好在
adb0a0212406484babde2e598c2df2e1!400x400.jpeg,初遇木兮
ca830c6383ff43f48bddaa426b9d2a32!400x400.jpeg,这个人有点
4d4475664b064b069f450cce4bb4686a!400x400.jpeg,凶⊙∀⊙！
2f41fe0ed1a94db6bcdc6f858b7bdaf7!400x400.jpeg,大……叔…
3d3498eee0ab45f297725c185a17affa!400x400.jpeg,℡颜、汐ヾ
47e6e7decef050aa!400x400_big.jpg,不二的青春
2ddda279878b1d22!400x400_big.jpg,Taurus^挽
b606a8fc1dad9665!480x480.jpg,不二的青春
f47a326078ff6e31!400x400_big.jpg,Taurus^挽
f91ccb42f9ea3076!400x400_big.jpg,Taurus^挽
b1dc8ce9fab246fcab0565369e44217c!400x400.jpeg,月光
c0b27f69280e449c9025bc8952bd6132!400x400.jpeg,小仙女•
0b8041389da2426ab0e6da4de9dd013b!400x400.jpeg,花街酒痞
67f8d9afa13a4d70be21973c3afafcbc!400x400.jpeg,唯一挚爱
eb6bb71cfc224f5babbe032c884125c2!400x400.jpeg,唯一挚爱
1db0f797e4f84f4dadfd2f1b728f3004!400x400.jpeg,唯一挚爱
2b3d144051ac4ceaa5304bad0b127a4f!400x400.jpeg,辛.
a0fab7e96ca6471088783348b526ccfe!400x400.jpeg,殇璃Lnq
76f208565f794459b48bdfc35632072a!400x400.jpeg,小久ty
57f7f43ade0f40509da780929e8499f6!400x400.jpeg,花街酒痞
9d190308a05c4f739e6f1786e7c0b739!400x400.jpeg,月光
3cf5389750634026bc5b52230d7ee533!400x400.jpeg,呆萌少女^O
f19a8ea242bf49ed91432f31e52c7b5d!400x400.jpeg,糖浆
8e6b00d76638470499f248d16552b6bb!400x400.jpeg,是敗类?
0f1e1f0acdf2adb3!400x400_big.jpg,我的青春是
23da2d5a5397926b!400x400_big.jpg,Taurus^挽
c9128457881e850a!400x400_big.jpg,我的青春是
b72b5d09b19dd1c9!400x400_big.jpg,Taurus^挽
530f7265fdde0dca!400x400_big.jpg,Taurus^挽
79ac50226bcb4338a87dd33d041c1394!400x400.jpeg,唯一挚爱
5fa0c943a0944a228069f5bd06ebf829!400x400.jpeg,唯一挚爱
d503ef3c738245fc89a9d5c20d1c7589!400x400.jpeg,小久ty
8fb92e18befb42828a54a243085b7d36!400x400.jpeg,小久ty
4ccf7ac0a53e401cb01e44a8f8795166!400x400.jpeg,辛.
10acb35b2f4e4960b42bb83101f1b200!400x400.jpeg,余生你好在
e6ce047e90df467aa63dae538f344cc5!400x400.jpeg,余生你好在
148e77fbc74e425ca1bc62b10b062d6a!400x400.jpeg,余生你好在
aaa93822de1f4fc1b70b7f52c9308b59!400x400.jpeg,只愿和你つ
a704976607ee645a!480x480.jpg,不二的青春
0e9c4e15b1424e6bb8fb938a98d4b31c!400x400.jpeg,肆欲.
96ab771fe62a46279019ba0c21cdc951!400x400.jpeg,余生你好在
a94624ace421c59a!400x400_big.jpg,不二的青春
5bfbc66e8bb89129!400x400_big.jpg,Taurus^挽
44ec94a1a2f3c3e2!400x400_big.jpg,不二的青春
39653d9e9396c76c!480x480.jpg,Taurus^挽
644df20c8eb1950b!480x480.jpg,Taurus^挽
c048de3579014cf7b2d667d1d20b8895!400x400.jpeg,＆章鱼@丸子＆
272b6173abaf443f89e78f5acd128970!400x400.jpeg,月光
69836a3707274eacb76ff4b2160a6f4f!400x400.jpeg,墨玖ミ染清
a06b750c7a724ca8b5e85ea082acd31c!400x400.jpeg,妍寻欢
9e0ea1a1d2b96f9c!400x400_big.jpg,不二的青春
a6472162be13c1b5!480x480.jpg,不二的青春
455d22959a414988b825037194aa91c5!400x400.jpeg,呆萌少女^O
a6172473d054431bb5358cc0a675a450!400x400.jpeg,呆萌少女^O
bfd2b691a8fcb5425904e3b6479623fc.jpg,凶⊙∀⊙！
2a16cae6cc72bbe1!400x400_big.jpg,Taurus^挽
fdaa1a405c164170ac7bf03fb59bc4a0!400x400.jpeg,厘厘酱.
3ce48da25841d9b7!400x400_big.jpg,Taurus^挽
00f3dcda9c6b4a7b9a44f47ff2353a75!400x400.jpeg,南巷清风，北
a4d6f1a60555412e9d3962ee20d2530d!400x400.jpeg,凉@兮
33a119dd848e4a7b8cbd1458f0111a58!400x400.jpeg,月光
cba2c0fcb23e4c7b9081d2a99b83ff39!400x400.jpeg,凉@兮
701900b0fe5c40f5b8f5f9fc57bc0c6b!400x400.jpeg,羽无希言
41464f1aea2b425aa1f14642f92e9763!400x400.jpeg,A.销魂〃. 
b38547eb9c1a456f912e82948104af0e!400x400.jpeg,神偷小楼♡
84b5beeae2374f938246cbf6648c0487!400x400.jpeg,♚星空♚
914834e184eb4b1e9fd07dede41909ed!400x400.jpeg,♚星空♚
0727b0142c76cb4e!400x400_big.jpg,若璃吖❤
702739814297469a973593ad2b11db17!400x400.jpeg,Leve（水平）
fc3cc0ec8ef32909!400x400_big.jpg,King丶喵娘
089de3dc17ee47d8833b3ed76e80748a!400x400.jpeg,尹懿罗的猫
e6360b95bc2442aebbe96fa21d78f614!400x400.jpeg,Fern
a3ac685526d64e37b3c7212f6a9f702a!400x400.jpeg,♡丶庸。
866559b29449435fb395b58888b6b417!400x400.jpeg,李妍汐
aaff0354ed2a4d118b57b56b2f4ae8dc!400x400.jpeg,相遇oh~
e6576979f0d76e70!400x400_big.jpg,King丶喵娘
a9d8c16192b846b49a5ad623a709d924!400x400.jpeg,陈子雨
4184d0c156564c729fadebb3dfc9db5e!400x400.jpeg,凉@兮
f1428343c9de433bafde22ba37767642!400x400.jpeg,七夏!?
873325bbff0c4a7489c06983321d0c6c!400x400.jpeg,你的笙宝贝
8c3786430eb844518563391154e5d78f!400x400.jpeg,虞兮.
a43c447e90ba4fd087339844cbcd699d!400x400.jpeg,嘤萝
29578a904e144f23afa42fcd8f0e4c97!400x400.jpeg,你的岑岑阿
350144273ab749ca9f3cfd7c98bdc5eb!400x400.jpeg,又是你的阿
2712f5f0bd7d47ac9f1efb3ad819580b!400x400.jpeg,妍寻欢
f6706b3a5038494187e4512cebe7872e!400x400.jpeg,原谅我面无
dd6bcb0e5ecd409eb9837f18163d75b3!400x400.jpeg,Siri
4ece504c4dc743c3b022cd4d402d1710!400x400.jpeg,江叶
37e22522c5f4458fbd9198ace92f1d04!400x400.jpeg,皮卡啾♡~
1495996fdb3ba5ae!400x400_big.jpg,King丶喵娘
f36132dde996450d94476f93865e2ebb!400x400.jpeg,苏耶
c8b285537005239c!400x400_big.jpg,King丶御娘
342aceeb64ea4a4fa45577f6704a2232!400x400.jpeg,林一沐
be433aa6a27d40389b0c007515cab563!400x400.jpeg,老慎言
4073cc5c99b64773a9c9703001269038!400x400.jpeg,神偷小楼♡
45e5b530cbca465282b7f33b938d6d5f!400x400.jpeg,苏耶
4329c05fb0074adda462edd62a5b2d9f!400x400.jpeg,陈姝呐
e9f1c8e623964876b1d4c0cebd28e313!400x400.jpeg,A   小啊娟
27378391a26641568a8a4173ed5be626!400x400.jpeg,余生你好在
49efe958a9734645a55f8fdd3f939a2c!400x400.jpeg,林一沐
44df1839cfb2412ca480eacc131c0d16!400x400.jpeg,林一沐
bc975a929af74e5d8e3a417a7d76cec8!400x400.jpeg,༺ൢ髒心髒
907429a683284bd2862cab0ca44b9998!400x400.jpeg,不说不做.
6c8fa5b5754a4798a69b10a390b700a7!400x400.jpeg,＊° 沁萌梓
fcdfe96ca38b4d44adf61633de73be13!400x400.jpeg,殷世航
10530d12c4914ae0a30ea6314c5f04a6!400x400.jpeg,小z
1b81c199ffb1489596c53cf215f76c0a!400x400.jpeg,宝宝和你拼
faa03f1509e3406783da9c3a73478d20!400x400.jpeg,落南.
a044b7f780ce453e89174bbffe5071e1!400x400.jpeg,Dear Lesli
5e7af8b5e43d43ea8887bd6f51e132c3!400x400.jpeg,筱崽
a7631d662dc04b9f88d530429d88ca50!400x400.jpeg,七柒.
7ea34657ea7642b1a4d12aa52b2ef4d3!400x400.jpeg,筱崽
b9ca7e7882c9493f93a351f4b247d6e1!400x400.jpeg,筱崽
aece45bf1f7f4df0a23f8503b8718001!400x400.jpeg,又是你的阿
9d7c5b84b6b3487284d0f2cba4a2ffa6!400x400.jpeg,不柒
ed01a6310a7f4950a6c4a5b3da800386!400x400.jpeg,オタクKyf
eaab351d81fa4d0b93d22f62fabac884!400x400.jpeg,♡†ฅr̶
7539a42ebe0f4738aa92ee1dd14ceeab!400x400.jpeg,我还有救嗎
1d5ce224ed0b48939c37863a24b2470e!400x400.jpeg,痴人留心.
fc1f08a4a5414a90b8ad801a7081f3da!400x400.jpeg,又是你的阿
89b1da1b1a0243449e8c814e0ff3f7b2!400x400.jpeg,九辞♡
654b3664d2984b3d8f4eddd5f961bbf6!400x400.jpeg,久孤ヽ(•
8eb30a261bf5e017!400x400_big.jpg,玖玖今天也
da9780616ce94282baa83010f0b46b12!400x400.jpeg,月光
53161709514a4781bf5979f0e3f1ebb8!400x400.jpeg,♡一个小萌
88a234c80cfa421aafe178b4e91f3c3e!400x400.jpeg,小九~
8e9825dfa9104f4f8781021af9de85d3!400x400.jpeg,单纯的、想
781786300dbe42eb9ae5146c6a523e44!400x400.jpeg,单纯的、想
15baf234de3e4a2abb353f7eee365308!400x400.jpeg,余生你好在
211989171c7a4906aa9350cce1bcdf84!400x400.jpeg,又是你的阿
ffecf3bba1a308ee!400x400_big.jpg,稀饭
d7ee0132dbcf42bc984a8c6b3c6b15ab!400x400.jpeg,9叔
69c44a73bf27446d84e6a96e7e8f52f2!400x400.jpeg,寒宝宝
76a628e2447f4c2dbbe953b8594d9020!400x400.jpeg,凶⊙∀⊙！
f87e4cc21e3b4902bb390c04447c00b8!400x400.jpeg,苏洂
3b33326af7b544fea8c1139f25f8c464!400x400.jpeg,Ri¢hgun
f21ca7b4139c44868a1d9ed631117e6f!400x400.jpeg,"　　dmR"
8d2967ad9d7a4db198c7a3b5623f6d92!400x400.jpeg,妍寻欢
d48fe70ab79b4402be5e06a49a47fbaa!400x400.jpeg,妍寻欢
d8ff0e77b16d4dacb627fc4059a6edbf!400x400.jpeg,逆风默默浪
a8a995626723401c9bbc4e2447e1e6d9!400x400.jpeg,陈大妈
e0f773eb917342979ccc5e91e84ba38a!400x400.jpeg,༺ൢ髒心髒
fbc712b7c0634052bb9a8febf61a8e5c!400x400.jpeg,℡<➊气质
ceb2aca3c51ef7f4!400x400_big.jpg,誰是ωǒ的
84aa7aa0c8b648c9b8008b41b595a6d4!400x400.jpeg,松鼠不好惹
9a4680aec4214d37b951198345d2b807!400x400.jpeg,謙謙♡
ac38de822ab8435fbae8a78f12b93db9!400x400.jpeg,初遇木兮
500de828d97d468fa6fc9e171e0f6c5e!400x400.jpeg,初遇木兮
25d7033f594e40cd923f3e1468e9d4de!400x400.jpeg,烟雨霓裳
e6df4825bc764c9d8ae6187dfcc46b9f!400x400.jpeg,℡<➊气质
0dc8e500db054d9b98c6af1ad04fd16d!400x400.jpeg,做你的寶貝
0e96ed09d5f347cda88fbf8ce5646075!400x400.jpeg,小小月 Lar
57c9c45dce49432e844e13c5a1c77638!400x400.jpeg,松子
f869e716dbda4c829871f5e43a8f9ee7!400x400.jpeg,陈姝呐
c9ddf1fe54964a02b7871f6dae3da4d5!400x400.jpeg,▽未亡♪
294d4a21c02d49459569e383825a14df!400x400.jpeg,小小啊?
309a9342baca43a2b1c86047a9d5733f!400x400.jpeg,相遇oh~
afbf135c23cb416abe36365df55fccf7!400x400.jpeg,溺毙
1f4ccd4680964ecfb087c9ed5d2fdd93!400x400.jpeg,bonamana
f06ff72976e2472aa98d5583a44374c0!400x400.jpeg,野心™
079ad7984878426585f5c31d091b8cfd!400x400.jpeg,樱奈～
385d5ab9825a45e78ecc11dd775c917c!400x400.jpeg,妍寻欢
0a0d2e2eca10421795aac8cf284a04c3!400x400.jpeg,妍寻欢
e637d8028e3243608f271fdfdcc1dce1!400x400.jpeg,妍寻欢
f6c964da3be74e849a73c6980e3cd513!400x400.jpeg,か沦灭.
5125a33c9c264fad8401064753c18508!400x400.jpeg,月光
288ff67bc0b14bc2959b9e978ad81b99!400x400.jpeg,奶兮小可爱
dd8691e8971f4d24aa7a18104cbfc3ca!400x400.jpeg,玖音.
83de9f100aac47a6979dc78b3276be15!400x400.jpeg,钟意九笙.
085a112568cc4d428c53bf69cd8f4c3b!400x400.jpeg,苡甜.
a2ca7422ab3f4b9391a1e3f829ab6b97!400x400.jpeg,林逸
2d8d059fdd854ae3a30e68706e8c53fa!400x400.jpeg,Ac.
e90ff5cd7de1488ea081aa0f651b3040!400x400.jpeg,盛装出席i
eb68bdfc1084462e8f56e05cfa467aba!400x400.jpeg,盛装出席i
17a426518d7744bdbfff815bc536d461!400x400.jpeg,盛装出席i
c4ce1f8b348e4167ae9233b7dea8348c!400x400.jpeg,盛装出席i
1a55b4c93b9144339b7eadae7c8822d9!400x400.jpeg,感情人渣™
6c9469d95dc94eeab9dedceb011bf656!400x400.jpeg,余生你好在
23dc2278940547bdab546458b02b15b3!400x400.jpeg,༺ൢ髒心髒
c38eafb29a33461e9f2d8f5dd6573188!400x400.jpeg,林逸
b509dbe77c7e4dd996e6e7a7006adb2a!400x400.jpeg,༺ൢ髒心髒
611d6ebc28b74049926dd49475db8224!400x400.jpeg,江陌璃♡
1a873adfbbb34bcd9915962aa62978e6!400x400.jpeg,℡<➊气质
94e1bc6af0f34efcba6d59c05e0bd9b8!400x400.jpeg,忖度
a826f0038758446f89bcb5574f9ebd55!400x400.jpeg,云兮小可爱
04a1bbe7f07b4cd88c2191ec926f6bb6!400x400.jpeg,余生你好在
7b89fb62b17b4cc2ab6d05ea29c08398!400x400.jpeg,余生你好在
7eca4959dc6d45b7b158d2d5cb9a0400!400x400.jpeg,余生你好在
40911d6f6b996e7e!400x400_big.jpg,盖世小公主
8ba50dd5c7d24beb8d2509100afaecc5!400x400.jpeg,℡<➊气质
4613cb13e2a3411caab9723601175678!400x400.jpeg,清漾
52098b4cc2b44c4bb84a44b66091538c!400x400.jpeg,♡浪味的仙
e6ad255f0a694ce2aa261984afb65994!400x400.jpeg,♡浪味的仙
5801bfe5cc4d4845a9d41b24eb376fae!400x400.jpeg,♡浪味的仙
30cb6f5a588048d991ca3f020e6883ca!400x400.jpeg,暗影玫瑰
b698b8f6eadb44939d5ea42e6d7ae482!400x400.jpeg,尹念七
d26f231ed3424a95af1240dfd81705e9!400x400.jpeg,尹念七
3a9e4d59f10637da!400x400_big.jpg,聆听雨声
560106532a6344dd9faf3f14ef287c40!400x400.jpeg,九茵.子
9a02933128c74d749fa3a0e4245ec95c!400x400.jpeg,初遇木兮
79bfe583c54d4fd1bc01228529829ca1!400x400.jpeg,失忆少女.
b34bcccc1b94446f97b60c29f748a79f!400x400.jpeg,林一沐
76798a4c35074ca0a55af81f4f814ffa!400x400.jpeg,猫リッキン
bb642692dbd0435999c5d296e9aae866!400x400.jpeg,♡幼稚鬼
c3b55317b5834f4d90a11d1eba2d9415!400x400.jpeg,妍寻欢
06a581270d8a44428485b9587e72e478!400x400.jpeg,妍寻欢
0c0e57296c3b47cb9f2a4621e2f49d15!400x400.jpeg,妍寻欢
e67313d1904744b98003a65d794ff65e!400x400.jpeg,妍寻欢
3411e2f31e474c56b9a301ec3610614b!400x400.jpeg,"　
　
　
"
760b72df5457425e82309a7a0262e1e5!400x400.jpeg,htx
da74e61e3ecf442d9ea67f39e5cc154d!400x400.jpeg,你真好看.
bbb30ad4a31e4f9bab578e84693abc8d!400x400.jpeg,顾北一
c6e8d00e36bf413f884db629eb0f3cd5!400x400.jpeg,野稚丶
20750140a8054a6a83a486bf9df36dce!400x400.jpeg,（oyjm）
3c75d720c3282d1c!400x400_big.jpg,余初
2c1ecd98102a431ebf5b4656d33cbf40!400x400.jpeg,残夙.
dda5011fe7a739e0!400x400_big.jpg,wang世慧
c15ba1cad5eb4347bf018c8d6cd2ac70!400x400.jpeg,钟意九笙.
6db4bd281b2343dea3b88a43e4cf2013!400x400.jpeg,又是你的阿
0f630f2c8c77429086d593f661be865e!400x400.jpeg,鱼戈554179
7ad7748462994236b8849f3f6bf160b5!400x400.jpeg,爱你♡︎现在
1909adb243e44da18b94a5716520ec48!400x400.jpeg,-y
389b3eb77fc5479ebbb05ee7060069de!400x400.jpeg,桃妖 芊琉
a30cc5c9efb743e1a7fdb9c71020f1bc!400x400.jpeg,七二九
